subset,query_id,overlap_colembed_nemo,overlap_colembed_deepseek,hybrid_deepseek,hybrid_nemo,delta
computer_science,0,4,3,1.0,1.0,0.0
computer_science,1,4,5,1.0,1.0,0.0
computer_science,2,5,4,1.0,1.0,0.0
computer_science,3,3,3,1.0,1.0,0.0
computer_science,4,1,1,1.0,1.0,0.0
computer_science,5,4,4,0.0,0.0,0.0
computer_science,6,3,3,1.0,1.0,0.0
computer_science,7,2,2,1.0,1.0,0.0
computer_science,8,5,4,1.0,1.0,0.0
computer_science,9,4,4,1.0,1.0,0.0
computer_science,10,3,2,1.0,1.0,0.0
computer_science,11,2,2,1.0,1.0,0.0
computer_science,12,3,3,1.0,1.0,0.0
computer_science,13,3,3,1.0,1.0,0.0
computer_science,14,2,2,1.0,1.0,0.0
computer_science,15,2,2,0.0,1.0,-1.0
computer_science,16,3,3,1.0,1.0,0.0
computer_science,17,5,5,1.0,1.0,0.0
computer_science,18,4,4,1.0,1.0,0.0
computer_science,19,3,3,1.0,1.0,0.0
computer_science,20,2,2,1.0,1.0,0.0
computer_science,21,1,1,1.0,1.0,0.0
computer_science,22,3,3,1.0,1.0,0.0
computer_science,23,3,3,1.0,1.0,0.0
computer_science,24,4,3,0.0,0.0,0.0
computer_science,25,4,4,1.0,1.0,0.0
computer_science,26,2,2,1.0,1.0,0.0
computer_science,27,3,3,1.0,1.0,0.0
computer_science,28,4,4,1.0,1.0,0.0
computer_science,29,3,3,1.0,1.0,0.0
computer_science,30,4,4,1.0,1.0,0.0
computer_science,31,3,3,1.0,1.0,0.0
computer_science,32,4,3,1.0,1.0,0.0
computer_science,33,4,4,1.0,1.0,0.0
computer_science,34,4,3,1.0,1.0,0.0
computer_science,35,3,3,1.0,1.0,0.0
computer_science,36,4,4,1.0,1.0,0.0
computer_science,37,2,3,1.0,1.0,0.0
computer_science,38,2,3,1.0,1.0,0.0
computer_science,39,4,3,1.0,1.0,0.0
computer_science,40,4,4,1.0,1.0,0.0
computer_science,41,4,3,1.0,1.0,0.0
computer_science,42,4,4,1.0,1.0,0.0
computer_science,43,2,2,1.0,1.0,0.0
computer_science,44,4,3,1.0,1.0,0.0
computer_science,45,3,3,1.0,1.0,0.0
computer_science,46,5,5,1.0,1.0,0.0
computer_science,47,5,4,0.0,0.0,0.0
computer_science,48,2,2,1.0,1.0,0.0
computer_science,49,4,4,1.0,1.0,0.0
computer_science,50,4,4,1.0,1.0,0.0
computer_science,51,4,3,1.0,1.0,0.0
computer_science,52,4,4,1.0,1.0,0.0
computer_science,53,4,4,1.0,1.0,0.0
computer_science,54,4,4,1.0,1.0,0.0
computer_science,55,3,3,1.0,1.0,0.0
computer_science,56,4,4,1.0,1.0,0.0
computer_science,57,1,2,1.0,1.0,0.0
computer_science,58,4,4,1.0,1.0,0.0
computer_science,59,0,0,1.0,1.0,0.0
computer_science,60,2,3,1.0,1.0,0.0
computer_science,61,2,1,1.0,1.0,0.0
computer_science,62,5,5,1.0,1.0,0.0
computer_science,63,3,3,1.0,1.0,0.0
computer_science,64,4,4,1.0,1.0,0.0
computer_science,65,2,2,1.0,1.0,0.0
computer_science,66,4,4,1.0,1.0,0.0
computer_science,67,3,3,1.0,1.0,0.0
computer_science,68,3,4,1.0,1.0,0.0
computer_science,69,3,3,1.0,1.0,0.0
computer_science,70,2,2,1.0,1.0,0.0
computer_science,71,4,4,1.0,1.0,0.0
computer_science,72,4,4,1.0,1.0,0.0
computer_science,73,4,4,1.0,1.0,0.0
computer_science,74,1,1,1.0,1.0,0.0
computer_science,75,4,4,1.0,1.0,0.0
computer_science,76,3,3,1.0,1.0,0.0
computer_science,77,2,2,1.0,1.0,0.0
computer_science,78,3,3,1.0,1.0,0.0
computer_science,79,3,3,1.0,1.0,0.0
computer_science,80,3,3,1.0,0.0,1.0
computer_science,81,4,3,1.0,1.0,0.0
computer_science,82,4,3,1.0,1.0,0.0
computer_science,83,4,4,1.0,1.0,0.0
computer_science,84,3,3,1.0,1.0,0.0
computer_science,85,1,1,1.0,0.0,1.0
computer_science,86,4,4,1.0,1.0,0.0
computer_science,87,4,4,1.0,1.0,0.0
computer_science,88,3,3,1.0,1.0,0.0
computer_science,89,0,0,1.0,1.0,0.0
computer_science,90,2,2,0.0,0.0,0.0
computer_science,91,3,3,1.0,1.0,0.0
computer_science,92,4,4,1.0,1.0,0.0
computer_science,93,4,3,1.0,1.0,0.0
computer_science,94,4,4,1.0,1.0,0.0
computer_science,95,4,4,1.0,1.0,0.0
computer_science,96,4,4,1.0,1.0,0.0
computer_science,97,4,4,1.0,1.0,0.0
computer_science,98,3,2,1.0,1.0,0.0
computer_science,99,3,3,0.0,0.0,0.0
computer_science,100,3,3,1.0,1.0,0.0
computer_science,101,2,2,1.0,1.0,0.0
computer_science,102,5,5,1.0,1.0,0.0
computer_science,103,5,5,1.0,1.0,0.0
computer_science,104,4,4,1.0,1.0,0.0
computer_science,105,3,2,1.0,1.0,0.0
computer_science,106,4,4,1.0,0.0,1.0
computer_science,107,4,5,1.0,1.0,0.0
computer_science,108,5,5,1.0,1.0,0.0
computer_science,109,2,2,1.0,1.0,0.0
computer_science,110,3,4,1.0,1.0,0.0
computer_science,111,2,2,1.0,1.0,0.0
computer_science,112,4,4,1.0,1.0,0.0
computer_science,113,3,4,1.0,1.0,0.0
computer_science,114,3,3,1.0,1.0,0.0
computer_science,115,5,4,1.0,1.0,0.0
computer_science,116,2,2,1.0,1.0,0.0
computer_science,117,1,1,1.0,1.0,0.0
computer_science,118,4,4,1.0,1.0,0.0
computer_science,119,5,5,1.0,1.0,0.0
computer_science,120,3,3,1.0,1.0,0.0
computer_science,121,2,2,1.0,1.0,0.0
computer_science,122,2,2,1.0,1.0,0.0
computer_science,123,3,3,1.0,1.0,0.0
computer_science,124,3,3,1.0,1.0,0.0
computer_science,125,2,1,0.0,1.0,-1.0
computer_science,126,5,5,1.0,1.0,0.0
computer_science,127,5,5,1.0,1.0,0.0
computer_science,128,3,3,1.0,1.0,0.0
computer_science,129,4,3,1.0,1.0,0.0
computer_science,130,3,3,1.0,1.0,0.0
computer_science,131,3,3,1.0,1.0,0.0
computer_science,132,4,4,1.0,1.0,0.0
computer_science,133,4,4,1.0,1.0,0.0
computer_science,134,4,4,1.0,1.0,0.0
computer_science,135,4,3,1.0,1.0,0.0
computer_science,136,3,3,0.0,0.0,0.0
computer_science,137,3,4,1.0,1.0,0.0
computer_science,138,3,3,1.0,1.0,0.0
computer_science,139,5,4,1.0,1.0,0.0
computer_science,140,4,3,1.0,1.0,0.0
computer_science,141,2,1,1.0,1.0,0.0
computer_science,142,3,3,1.0,1.0,0.0
computer_science,143,4,4,1.0,1.0,0.0
computer_science,144,4,3,1.0,0.0,1.0
computer_science,145,4,4,1.0,1.0,0.0
computer_science,146,2,2,1.0,1.0,0.0
computer_science,147,2,2,1.0,1.0,0.0
computer_science,148,4,4,1.0,1.0,0.0
computer_science,149,3,3,1.0,1.0,0.0
computer_science,150,2,2,1.0,1.0,0.0
computer_science,151,4,4,1.0,1.0,0.0
computer_science,152,2,3,1.0,1.0,0.0
computer_science,153,2,2,1.0,1.0,0.0
computer_science,154,2,2,1.0,1.0,0.0
computer_science,155,4,4,0.0,0.0,0.0
computer_science,156,4,4,1.0,1.0,0.0
computer_science,157,2,2,1.0,1.0,0.0
computer_science,158,2,3,1.0,1.0,0.0
computer_science,159,3,3,1.0,1.0,0.0
computer_science,160,2,2,1.0,1.0,0.0
computer_science,161,2,2,1.0,1.0,0.0
computer_science,162,2,2,1.0,1.0,0.0
computer_science,163,4,4,1.0,1.0,0.0
computer_science,164,4,4,1.0,1.0,0.0
computer_science,165,2,2,1.0,1.0,0.0
computer_science,166,3,2,1.0,1.0,0.0
computer_science,167,4,4,1.0,0.0,1.0
computer_science,168,2,1,1.0,1.0,0.0
computer_science,169,2,2,0.0,0.0,0.0
computer_science,170,3,2,1.0,1.0,0.0
computer_science,171,4,3,1.0,1.0,0.0
computer_science,172,3,4,1.0,1.0,0.0
computer_science,173,4,4,1.0,1.0,0.0
computer_science,174,3,3,1.0,1.0,0.0
computer_science,175,4,4,1.0,1.0,0.0
computer_science,176,4,4,1.0,1.0,0.0
computer_science,177,3,3,1.0,1.0,0.0
computer_science,178,2,2,1.0,1.0,0.0
computer_science,179,3,3,1.0,1.0,0.0
computer_science,180,2,2,1.0,1.0,0.0
computer_science,181,5,5,1.0,1.0,0.0
computer_science,182,4,4,1.0,1.0,0.0
computer_science,183,2,2,1.0,1.0,0.0
computer_science,184,1,3,1.0,1.0,0.0
computer_science,185,1,1,1.0,1.0,0.0
computer_science,186,4,3,1.0,1.0,0.0
computer_science,187,3,4,1.0,1.0,0.0
computer_science,188,2,2,1.0,1.0,0.0
computer_science,189,4,4,1.0,1.0,0.0
computer_science,190,1,1,1.0,1.0,0.0
computer_science,191,4,4,1.0,1.0,0.0
computer_science,192,4,4,1.0,1.0,0.0
computer_science,193,4,4,1.0,1.0,0.0
computer_science,194,1,1,1.0,1.0,0.0
computer_science,195,2,2,1.0,1.0,0.0
computer_science,196,3,3,1.0,1.0,0.0
computer_science,1182,4,4,1.0,0.0,1.0
computer_science,1183,4,4,1.0,1.0,0.0
computer_science,1184,3,3,1.0,1.0,0.0
computer_science,1185,2,2,1.0,1.0,0.0
computer_science,1186,4,4,1.0,1.0,0.0
computer_science,1187,2,2,1.0,1.0,0.0
computer_science,1188,3,4,1.0,1.0,0.0
computer_science,1189,3,3,1.0,1.0,0.0
computer_science,1190,2,2,1.0,1.0,0.0
computer_science,1191,4,4,1.0,1.0,0.0
computer_science,1192,2,2,1.0,1.0,0.0
computer_science,1193,3,5,1.0,1.0,0.0
computer_science,1194,4,4,1.0,1.0,0.0
computer_science,1195,4,4,1.0,1.0,0.0
computer_science,1196,3,3,1.0,0.0,1.0
computer_science,1197,3,3,1.0,1.0,0.0
computer_science,1198,2,2,1.0,1.0,0.0
computer_science,1199,3,3,1.0,1.0,0.0
finance_en,0,4,4,0.0,0.0,0.0
finance_en,1,1,1,1.0,1.0,0.0
finance_en,2,1,1,1.0,1.0,0.0
finance_en,3,3,3,1.0,1.0,0.0
finance_en,4,2,3,0.0,0.0,0.0
finance_en,5,3,3,0.0,0.0,0.0
finance_en,6,3,2,1.0,1.0,0.0
finance_en,7,2,2,1.0,1.0,0.0
finance_en,8,1,0,1.0,1.0,0.0
finance_en,9,3,3,1.0,1.0,0.0
finance_en,10,3,3,1.0,1.0,0.0
finance_en,11,2,2,0.0,0.0,0.0
finance_en,12,1,0,1.0,1.0,0.0
finance_en,13,5,5,1.0,1.0,0.0
finance_en,14,3,3,1.0,1.0,0.0
finance_en,15,3,3,1.0,1.0,0.0
finance_en,16,1,1,1.0,1.0,0.0
finance_en,17,2,2,1.0,1.0,0.0
finance_en,18,3,1,1.0,1.0,0.0
finance_en,19,4,2,1.0,1.0,0.0
finance_en,20,3,1,1.0,1.0,0.0
finance_en,21,0,0,1.0,1.0,0.0
finance_en,22,2,2,1.0,1.0,0.0
finance_en,23,2,1,1.0,1.0,0.0
finance_en,24,2,2,1.0,1.0,0.0
finance_en,25,4,3,1.0,1.0,0.0
finance_en,26,2,2,0.0,0.0,0.0
finance_en,27,4,4,1.0,1.0,0.0
finance_en,28,0,0,1.0,1.0,0.0
finance_en,29,4,2,1.0,1.0,0.0
finance_en,30,1,1,1.0,1.0,0.0
finance_en,31,4,4,1.0,1.0,0.0
finance_en,32,3,1,1.0,1.0,0.0
finance_en,33,0,0,1.0,1.0,0.0
finance_en,34,2,2,1.0,1.0,0.0
finance_en,35,3,1,1.0,1.0,0.0
finance_en,36,1,1,1.0,1.0,0.0
finance_en,37,4,3,1.0,1.0,0.0
finance_en,38,3,0,0.0,1.0,-1.0
finance_en,39,4,1,1.0,1.0,0.0
finance_en,40,1,2,1.0,1.0,0.0
finance_en,41,3,3,1.0,1.0,0.0
finance_en,42,3,3,1.0,1.0,0.0
finance_en,43,2,2,0.0,0.0,0.0
finance_en,44,4,4,1.0,1.0,0.0
finance_en,45,1,2,1.0,0.0,1.0
finance_en,46,3,4,1.0,1.0,0.0
finance_en,47,0,0,0.0,0.0,0.0
finance_en,48,2,2,1.0,1.0,0.0
finance_en,49,4,1,0.0,0.0,0.0
finance_en,50,5,5,0.0,0.0,0.0
finance_en,51,3,3,1.0,1.0,0.0
finance_en,52,5,3,1.0,1.0,0.0
finance_en,53,4,2,1.0,1.0,0.0
finance_en,54,3,3,1.0,0.0,1.0
finance_en,55,1,2,1.0,1.0,0.0
finance_en,56,3,4,0.0,0.0,0.0
finance_en,57,2,2,1.0,1.0,0.0
finance_en,58,3,3,1.0,1.0,0.0
finance_en,59,4,0,0.0,0.0,0.0
finance_en,60,2,2,1.0,0.0,1.0
finance_en,61,1,1,1.0,0.0,1.0
finance_en,62,4,4,1.0,1.0,0.0
finance_en,63,1,1,0.0,1.0,-1.0
finance_en,64,2,2,0.0,0.0,0.0
finance_en,65,2,2,1.0,1.0,0.0
finance_en,66,3,2,0.0,0.0,0.0
finance_en,67,3,2,1.0,1.0,0.0
finance_en,68,4,4,1.0,1.0,0.0
finance_en,69,3,3,1.0,1.0,0.0
finance_en,70,1,1,1.0,1.0,0.0
finance_en,71,2,2,1.0,1.0,0.0
finance_en,72,2,3,1.0,1.0,0.0
finance_en,73,3,4,1.0,1.0,0.0
finance_en,74,3,3,0.0,0.0,0.0
finance_en,75,3,4,1.0,1.0,0.0
finance_en,76,2,2,1.0,1.0,0.0
finance_en,77,3,3,1.0,1.0,0.0
finance_en,78,2,2,1.0,1.0,0.0
finance_en,79,2,2,1.0,1.0,0.0
finance_en,80,3,4,0.0,0.0,0.0
finance_en,81,3,3,0.0,0.0,0.0
finance_en,82,3,3,1.0,1.0,0.0
finance_en,83,3,2,1.0,0.0,1.0
finance_en,84,2,2,1.0,0.0,1.0
finance_en,85,2,3,1.0,1.0,0.0
finance_en,86,3,2,1.0,1.0,0.0
finance_en,87,0,1,1.0,1.0,0.0
finance_en,88,2,1,0.0,0.0,0.0
finance_en,89,0,0,1.0,1.0,0.0
finance_en,90,4,4,0.0,0.0,0.0
finance_en,91,3,3,0.0,0.0,0.0
finance_en,92,5,4,1.0,0.0,1.0
finance_en,93,3,3,0.0,0.0,0.0
finance_en,94,2,1,1.0,1.0,0.0
finance_en,95,0,1,0.0,1.0,-1.0
finance_en,96,1,2,1.0,1.0,0.0
finance_en,97,2,2,1.0,1.0,0.0
finance_en,98,4,3,1.0,1.0,0.0
finance_en,99,4,4,1.0,1.0,0.0
finance_en,100,3,3,1.0,1.0,0.0
finance_en,101,3,3,0.0,0.0,0.0
finance_en,102,1,1,1.0,0.0,1.0
finance_en,103,4,4,1.0,1.0,0.0
finance_en,104,1,1,1.0,1.0,0.0
finance_en,105,4,3,1.0,1.0,0.0
finance_en,106,4,2,1.0,1.0,0.0
finance_en,107,3,2,1.0,1.0,0.0
finance_en,108,5,5,1.0,1.0,0.0
finance_en,109,1,0,1.0,1.0,0.0
finance_en,110,3,2,1.0,1.0,0.0
finance_en,111,4,4,1.0,1.0,0.0
finance_en,112,4,5,1.0,1.0,0.0
finance_en,113,3,3,0.0,0.0,0.0
finance_en,114,1,2,0.0,0.0,0.0
finance_en,115,4,2,1.0,0.0,1.0
finance_en,116,2,2,1.0,1.0,0.0
finance_en,117,2,2,1.0,1.0,0.0
finance_en,118,3,2,1.0,1.0,0.0
finance_en,119,3,3,1.0,1.0,0.0
finance_en,120,3,3,0.0,0.0,0.0
finance_en,121,3,3,1.0,1.0,0.0
finance_en,122,4,4,1.0,1.0,0.0
finance_en,123,3,1,0.0,0.0,0.0
finance_en,124,3,4,1.0,1.0,0.0
finance_en,125,3,3,0.0,0.0,0.0
finance_en,126,2,1,1.0,1.0,0.0
finance_en,127,3,2,1.0,1.0,0.0
finance_en,128,2,4,1.0,1.0,0.0
finance_en,129,3,1,1.0,1.0,0.0
finance_en,130,3,3,1.0,1.0,0.0
finance_en,131,3,3,1.0,1.0,0.0
finance_en,132,4,3,1.0,1.0,0.0
finance_en,133,2,3,0.0,0.0,0.0
finance_en,134,1,2,1.0,1.0,0.0
finance_en,135,3,4,1.0,1.0,0.0
finance_en,136,2,2,1.0,1.0,0.0
finance_en,137,3,2,1.0,1.0,0.0
finance_en,138,2,2,1.0,1.0,0.0
finance_en,139,1,0,0.0,1.0,-1.0
finance_en,140,3,2,1.0,1.0,0.0
finance_en,141,3,3,1.0,1.0,0.0
finance_en,142,4,4,1.0,1.0,0.0
finance_en,143,3,3,1.0,1.0,0.0
finance_en,144,4,4,1.0,1.0,0.0
finance_en,145,2,0,0.0,0.0,0.0
finance_en,146,3,2,1.0,0.0,1.0
finance_en,147,4,4,0.0,0.0,0.0
finance_en,148,4,4,1.0,1.0,0.0
finance_en,149,3,1,1.0,1.0,0.0
finance_en,150,2,2,1.0,1.0,0.0
finance_en,151,4,5,1.0,1.0,0.0
finance_en,152,2,1,1.0,1.0,0.0
finance_en,153,2,2,1.0,1.0,0.0
finance_en,154,2,1,0.0,1.0,-1.0
finance_en,155,2,2,1.0,1.0,0.0
finance_en,156,3,3,1.0,1.0,0.0
finance_en,157,2,2,1.0,1.0,0.0
finance_en,158,3,3,1.0,1.0,0.0
finance_en,159,4,4,1.0,1.0,0.0
finance_en,160,3,2,1.0,1.0,0.0
finance_en,161,4,3,1.0,1.0,0.0
finance_en,162,3,3,0.0,0.0,0.0
finance_en,163,4,3,1.0,1.0,0.0
finance_en,164,3,3,1.0,1.0,0.0
finance_en,165,3,4,0.0,0.0,0.0
finance_en,166,3,3,1.0,1.0,0.0
finance_en,167,4,5,1.0,1.0,0.0
finance_en,168,2,3,1.0,1.0,0.0
finance_en,169,0,0,1.0,1.0,0.0
finance_en,170,2,2,1.0,1.0,0.0
finance_en,171,3,2,1.0,0.0,1.0
finance_en,172,3,2,1.0,1.0,0.0
finance_en,173,1,1,0.0,1.0,-1.0
finance_en,174,1,1,1.0,1.0,0.0
finance_en,175,1,2,1.0,1.0,0.0
finance_en,176,2,2,1.0,1.0,0.0
finance_en,177,3,3,1.0,1.0,0.0
finance_en,178,3,2,1.0,1.0,0.0
finance_en,179,3,2,1.0,1.0,0.0
finance_en,180,3,2,0.0,0.0,0.0
finance_en,181,2,1,0.0,0.0,0.0
finance_en,182,2,2,1.0,1.0,0.0
finance_en,183,3,3,1.0,1.0,0.0
finance_en,184,3,3,1.0,1.0,0.0
finance_en,185,0,0,1.0,1.0,0.0
finance_en,186,3,3,1.0,1.0,0.0
finance_en,187,2,2,1.0,1.0,0.0
finance_en,188,2,2,0.0,1.0,-1.0
finance_en,189,2,2,1.0,1.0,0.0
finance_en,190,3,3,1.0,1.0,0.0
finance_en,191,3,2,1.0,0.0,1.0
finance_en,192,2,1,1.0,1.0,0.0
finance_en,193,4,3,1.0,1.0,0.0
finance_en,194,3,3,1.0,1.0,0.0
finance_en,195,3,3,1.0,1.0,0.0
finance_en,196,4,3,1.0,1.0,0.0
finance_en,197,2,1,1.0,1.0,0.0
finance_en,198,4,2,1.0,1.0,0.0
finance_en,199,2,2,1.0,1.0,0.0
finance_en,200,3,3,1.0,0.0,1.0
finance_en,201,4,4,1.0,1.0,0.0
finance_en,202,2,0,1.0,1.0,0.0
finance_en,203,1,1,0.0,0.0,0.0
finance_en,204,3,3,1.0,1.0,0.0
finance_en,205,3,4,1.0,1.0,0.0
finance_en,206,4,2,0.0,0.0,0.0
finance_en,207,3,3,1.0,1.0,0.0
finance_en,208,4,4,1.0,1.0,0.0
finance_en,209,4,4,1.0,1.0,0.0
finance_en,210,3,1,1.0,1.0,0.0
finance_en,211,5,1,1.0,1.0,0.0
finance_en,212,1,1,1.0,0.0,1.0
finance_en,213,2,2,1.0,1.0,0.0
finance_en,214,1,1,1.0,1.0,0.0
finance_en,215,2,4,1.0,1.0,0.0
finance_en,216,2,1,1.0,0.0,1.0
finance_en,217,3,2,1.0,1.0,0.0
finance_en,218,2,2,1.0,1.0,0.0
finance_en,219,3,2,1.0,1.0,0.0
finance_en,220,5,5,1.0,1.0,0.0
finance_en,221,3,3,0.0,0.0,0.0
finance_en,222,1,1,1.0,1.0,0.0
finance_en,223,2,2,1.0,1.0,0.0
finance_en,224,2,1,1.0,1.0,0.0
finance_en,225,2,2,1.0,1.0,0.0
finance_en,226,2,1,1.0,1.0,0.0
finance_en,227,3,3,1.0,1.0,0.0
finance_en,228,3,2,0.0,0.0,0.0
finance_en,229,5,2,1.0,1.0,0.0
finance_en,230,2,1,1.0,1.0,0.0
finance_en,231,2,2,0.0,1.0,-1.0
finance_en,232,4,4,1.0,1.0,0.0
finance_en,233,3,2,1.0,1.0,0.0
finance_en,234,3,3,1.0,1.0,0.0
finance_en,235,3,2,1.0,1.0,0.0
finance_en,236,4,3,1.0,0.0,1.0
finance_en,237,3,2,1.0,1.0,0.0
finance_en,238,3,2,1.0,1.0,0.0
finance_en,239,2,2,1.0,1.0,0.0
finance_en,240,3,3,1.0,0.0,1.0
finance_en,241,2,2,0.0,0.0,0.0
finance_en,242,3,4,1.0,1.0,0.0
finance_en,243,2,2,1.0,1.0,0.0
finance_en,244,4,2,1.0,1.0,0.0
finance_en,245,1,0,0.0,0.0,0.0
finance_en,246,2,2,1.0,1.0,0.0
finance_en,247,3,3,1.0,1.0,0.0
finance_en,248,3,2,1.0,1.0,0.0
finance_en,249,1,3,0.0,1.0,-1.0
finance_en,250,3,3,0.0,1.0,-1.0
finance_en,251,3,2,0.0,0.0,0.0
finance_en,252,1,2,1.0,1.0,0.0
finance_en,253,3,2,1.0,1.0,0.0
finance_en,254,2,2,1.0,1.0,0.0
finance_en,255,3,3,1.0,1.0,0.0
finance_en,256,2,2,1.0,1.0,0.0
finance_en,257,2,1,1.0,0.0,1.0
finance_en,258,3,2,1.0,1.0,0.0
finance_en,259,0,0,1.0,1.0,0.0
finance_en,260,3,3,1.0,1.0,0.0
finance_en,261,3,3,1.0,1.0,0.0
finance_en,262,1,1,1.0,1.0,0.0
finance_en,263,4,3,1.0,1.0,0.0
finance_en,264,2,2,0.0,1.0,-1.0
finance_en,265,2,3,1.0,1.0,0.0
finance_en,266,4,4,1.0,1.0,0.0
finance_en,267,2,2,1.0,1.0,0.0
finance_en,268,1,1,1.0,1.0,0.0
finance_en,269,2,1,1.0,1.0,0.0
finance_en,270,3,3,1.0,1.0,0.0
finance_en,271,2,1,1.0,1.0,0.0
finance_en,272,2,2,1.0,1.0,0.0
finance_en,273,3,2,1.0,1.0,0.0
finance_en,274,2,2,1.0,1.0,0.0
finance_en,275,2,2,1.0,1.0,0.0
finance_en,276,4,3,1.0,1.0,0.0
finance_en,277,2,2,1.0,1.0,0.0
finance_en,278,3,4,1.0,1.0,0.0
finance_en,279,2,2,1.0,1.0,0.0
finance_en,280,4,3,1.0,0.0,1.0
finance_en,281,2,3,0.0,1.0,-1.0
finance_en,282,3,3,1.0,1.0,0.0
finance_en,283,2,1,1.0,1.0,0.0
finance_en,284,3,2,1.0,1.0,0.0
finance_en,285,1,1,0.0,1.0,-1.0
finance_en,286,3,3,1.0,0.0,1.0
finance_en,287,2,2,1.0,1.0,0.0
finance_en,288,4,4,1.0,1.0,0.0
finance_en,289,3,4,1.0,1.0,0.0
finance_en,290,4,4,1.0,1.0,0.0
finance_en,291,3,3,0.0,0.0,0.0
finance_en,1752,3,4,0.0,1.0,-1.0
finance_en,1753,3,0,1.0,1.0,0.0
finance_en,1754,3,3,1.0,1.0,0.0
finance_en,1755,4,3,1.0,1.0,0.0
finance_en,1756,1,1,1.0,1.0,0.0
finance_en,1757,3,4,1.0,1.0,0.0
finance_en,1758,2,2,1.0,1.0,0.0
finance_en,1759,2,2,0.0,0.0,0.0
finance_en,1760,5,4,0.0,1.0,-1.0
finance_en,1761,4,2,1.0,1.0,0.0
finance_en,1762,3,3,1.0,1.0,0.0
finance_en,1763,4,3,1.0,1.0,0.0
finance_en,1764,3,3,1.0,1.0,0.0
finance_en,1765,3,2,1.0,1.0,0.0
finance_en,1766,1,1,1.0,1.0,0.0
finance_en,1767,2,1,1.0,1.0,0.0
finance_en,1768,4,4,1.0,1.0,0.0
pharmaceuticals,0,2,2,1.0,1.0,0.0
pharmaceuticals,1,4,4,1.0,1.0,0.0
pharmaceuticals,2,3,3,1.0,1.0,0.0
pharmaceuticals,3,3,2,0.0,0.0,0.0
pharmaceuticals,4,3,4,1.0,1.0,0.0
pharmaceuticals,5,2,2,1.0,1.0,0.0
pharmaceuticals,6,0,0,1.0,1.0,0.0
pharmaceuticals,7,2,2,1.0,1.0,0.0
pharmaceuticals,8,1,1,1.0,1.0,0.0
pharmaceuticals,9,4,3,1.0,1.0,0.0
pharmaceuticals,10,4,3,1.0,1.0,0.0
pharmaceuticals,11,3,3,1.0,1.0,0.0
pharmaceuticals,12,4,4,1.0,1.0,0.0
pharmaceuticals,13,0,0,1.0,1.0,0.0
pharmaceuticals,14,0,0,1.0,1.0,0.0
pharmaceuticals,15,3,2,1.0,0.0,1.0
pharmaceuticals,16,3,3,1.0,1.0,0.0
pharmaceuticals,17,4,4,1.0,1.0,0.0
pharmaceuticals,18,1,1,1.0,1.0,0.0
pharmaceuticals,19,3,3,1.0,1.0,0.0
pharmaceuticals,20,4,2,1.0,1.0,0.0
pharmaceuticals,21,2,1,1.0,1.0,0.0
pharmaceuticals,22,3,3,1.0,0.0,1.0
pharmaceuticals,23,3,3,1.0,1.0,0.0
pharmaceuticals,24,3,2,1.0,1.0,0.0
pharmaceuticals,25,0,1,1.0,1.0,0.0
pharmaceuticals,26,4,5,1.0,1.0,0.0
pharmaceuticals,27,0,0,1.0,1.0,0.0
pharmaceuticals,28,4,4,1.0,1.0,0.0
pharmaceuticals,29,3,2,1.0,1.0,0.0
pharmaceuticals,30,3,2,1.0,1.0,0.0
pharmaceuticals,31,1,1,1.0,1.0,0.0
pharmaceuticals,32,3,2,0.0,1.0,-1.0
pharmaceuticals,33,4,1,1.0,1.0,0.0
pharmaceuticals,34,3,2,1.0,1.0,0.0
pharmaceuticals,35,0,0,1.0,1.0,0.0
pharmaceuticals,36,3,3,1.0,1.0,0.0
pharmaceuticals,37,3,3,1.0,1.0,0.0
pharmaceuticals,38,2,2,1.0,1.0,0.0
pharmaceuticals,39,1,1,1.0,0.0,1.0
pharmaceuticals,40,2,2,0.0,1.0,-1.0
pharmaceuticals,41,2,2,1.0,1.0,0.0
pharmaceuticals,42,3,3,1.0,1.0,0.0
pharmaceuticals,43,4,4,0.0,0.0,0.0
pharmaceuticals,44,1,1,1.0,1.0,0.0
pharmaceuticals,45,2,2,1.0,1.0,0.0
pharmaceuticals,46,2,2,1.0,1.0,0.0
pharmaceuticals,47,4,3,1.0,1.0,0.0
pharmaceuticals,48,1,1,1.0,1.0,0.0
pharmaceuticals,49,4,1,0.0,0.0,0.0
pharmaceuticals,50,2,3,1.0,1.0,0.0
pharmaceuticals,51,2,3,1.0,1.0,0.0
pharmaceuticals,52,4,4,1.0,1.0,0.0
pharmaceuticals,53,4,4,1.0,1.0,0.0
pharmaceuticals,54,4,3,1.0,1.0,0.0
pharmaceuticals,55,4,4,1.0,1.0,0.0
pharmaceuticals,56,2,1,1.0,1.0,0.0
pharmaceuticals,57,3,3,1.0,1.0,0.0
pharmaceuticals,58,3,3,1.0,1.0,0.0
pharmaceuticals,59,5,3,1.0,1.0,0.0
pharmaceuticals,60,3,4,1.0,1.0,0.0
pharmaceuticals,61,2,3,1.0,1.0,0.0
pharmaceuticals,62,2,2,1.0,0.0,1.0
pharmaceuticals,63,3,2,1.0,1.0,0.0
pharmaceuticals,64,3,2,1.0,1.0,0.0
pharmaceuticals,65,4,2,1.0,1.0,0.0
pharmaceuticals,66,4,4,1.0,1.0,0.0
pharmaceuticals,67,4,4,1.0,1.0,0.0
pharmaceuticals,68,1,0,1.0,1.0,0.0
pharmaceuticals,69,3,4,1.0,1.0,0.0
pharmaceuticals,70,1,1,1.0,1.0,0.0
pharmaceuticals,71,5,5,1.0,1.0,0.0
pharmaceuticals,72,2,2,1.0,1.0,0.0
pharmaceuticals,73,4,4,1.0,1.0,0.0
pharmaceuticals,74,3,1,1.0,1.0,0.0
pharmaceuticals,75,1,1,1.0,1.0,0.0
pharmaceuticals,76,3,3,0.0,1.0,-1.0
pharmaceuticals,77,4,4,1.0,1.0,0.0
pharmaceuticals,78,1,2,1.0,1.0,0.0
pharmaceuticals,79,3,3,1.0,1.0,0.0
pharmaceuticals,80,3,2,1.0,1.0,0.0
pharmaceuticals,81,2,2,1.0,1.0,0.0
pharmaceuticals,82,0,0,1.0,1.0,0.0
pharmaceuticals,83,4,4,1.0,1.0,0.0
pharmaceuticals,84,3,2,1.0,1.0,0.0
pharmaceuticals,85,4,5,1.0,1.0,0.0
pharmaceuticals,86,2,2,1.0,1.0,0.0
pharmaceuticals,87,1,3,1.0,1.0,0.0
pharmaceuticals,88,2,3,1.0,1.0,0.0
pharmaceuticals,89,2,2,1.0,1.0,0.0
pharmaceuticals,90,5,5,0.0,0.0,0.0
pharmaceuticals,91,3,3,1.0,1.0,0.0
pharmaceuticals,92,2,2,1.0,0.0,1.0
pharmaceuticals,93,4,3,1.0,1.0,0.0
pharmaceuticals,94,1,1,1.0,1.0,0.0
pharmaceuticals,95,1,1,1.0,1.0,0.0
pharmaceuticals,96,3,1,1.0,0.0,1.0
pharmaceuticals,97,3,3,0.0,0.0,0.0
pharmaceuticals,98,2,3,1.0,1.0,0.0
pharmaceuticals,99,4,4,1.0,1.0,0.0
pharmaceuticals,100,3,2,1.0,1.0,0.0
pharmaceuticals,101,4,4,1.0,1.0,0.0
pharmaceuticals,102,3,2,1.0,1.0,0.0
pharmaceuticals,103,2,2,1.0,1.0,0.0
pharmaceuticals,104,2,2,1.0,1.0,0.0
pharmaceuticals,105,4,4,1.0,1.0,0.0
pharmaceuticals,106,3,4,0.0,0.0,0.0
pharmaceuticals,107,4,4,1.0,1.0,0.0
pharmaceuticals,108,2,2,1.0,1.0,0.0
pharmaceuticals,109,4,2,1.0,0.0,1.0
pharmaceuticals,110,5,4,1.0,1.0,0.0
pharmaceuticals,111,1,1,1.0,1.0,0.0
pharmaceuticals,112,1,1,1.0,1.0,0.0
pharmaceuticals,113,4,4,1.0,0.0,1.0
pharmaceuticals,114,3,3,1.0,1.0,0.0
pharmaceuticals,115,3,3,1.0,1.0,0.0
pharmaceuticals,116,2,2,1.0,1.0,0.0
pharmaceuticals,117,2,1,1.0,1.0,0.0
pharmaceuticals,118,3,3,1.0,1.0,0.0
pharmaceuticals,119,4,1,0.0,0.0,0.0
pharmaceuticals,120,3,3,0.0,0.0,0.0
pharmaceuticals,121,1,1,1.0,1.0,0.0
pharmaceuticals,122,0,0,1.0,1.0,0.0
pharmaceuticals,123,4,4,1.0,1.0,0.0
pharmaceuticals,124,4,4,1.0,1.0,0.0
pharmaceuticals,125,1,1,1.0,1.0,0.0
pharmaceuticals,126,4,4,1.0,1.0,0.0
pharmaceuticals,127,3,3,0.0,1.0,-1.0
pharmaceuticals,128,1,2,1.0,1.0,0.0
pharmaceuticals,129,3,3,1.0,1.0,0.0
pharmaceuticals,130,3,3,1.0,1.0,0.0
pharmaceuticals,131,5,4,1.0,1.0,0.0
pharmaceuticals,132,2,3,1.0,1.0,0.0
pharmaceuticals,133,4,4,0.0,1.0,-1.0
pharmaceuticals,134,3,3,1.0,1.0,0.0
pharmaceuticals,135,3,2,1.0,1.0,0.0
pharmaceuticals,136,2,2,1.0,1.0,0.0
pharmaceuticals,137,2,2,1.0,1.0,0.0
pharmaceuticals,138,3,3,1.0,1.0,0.0
pharmaceuticals,139,2,2,1.0,1.0,0.0
pharmaceuticals,140,2,3,1.0,1.0,0.0
pharmaceuticals,141,3,4,1.0,1.0,0.0
pharmaceuticals,142,3,3,1.0,1.0,0.0
pharmaceuticals,143,3,3,1.0,1.0,0.0
pharmaceuticals,144,4,4,1.0,1.0,0.0
pharmaceuticals,145,3,2,1.0,1.0,0.0
pharmaceuticals,146,0,0,1.0,1.0,0.0
pharmaceuticals,147,3,3,1.0,1.0,0.0
pharmaceuticals,148,2,2,1.0,1.0,0.0
pharmaceuticals,149,4,4,1.0,1.0,0.0
pharmaceuticals,150,1,0,1.0,1.0,0.0
pharmaceuticals,151,4,4,1.0,1.0,0.0
pharmaceuticals,152,1,1,1.0,1.0,0.0
pharmaceuticals,153,2,2,1.0,1.0,0.0
pharmaceuticals,154,2,2,1.0,1.0,0.0
pharmaceuticals,155,3,3,1.0,1.0,0.0
pharmaceuticals,156,4,4,1.0,0.0,1.0
pharmaceuticals,157,0,0,1.0,1.0,0.0
pharmaceuticals,158,2,3,1.0,1.0,0.0
pharmaceuticals,159,3,3,1.0,1.0,0.0
pharmaceuticals,160,3,3,1.0,1.0,0.0
pharmaceuticals,161,4,1,1.0,1.0,0.0
pharmaceuticals,162,4,3,1.0,1.0,0.0
pharmaceuticals,163,1,1,1.0,1.0,0.0
pharmaceuticals,164,4,3,1.0,1.0,0.0
pharmaceuticals,165,3,3,1.0,1.0,0.0
pharmaceuticals,166,4,2,1.0,1.0,0.0
pharmaceuticals,167,3,3,1.0,1.0,0.0
pharmaceuticals,168,5,4,1.0,1.0,0.0
pharmaceuticals,169,4,4,1.0,1.0,0.0
pharmaceuticals,170,3,3,1.0,1.0,0.0
pharmaceuticals,171,0,0,1.0,1.0,0.0
pharmaceuticals,172,2,2,1.0,1.0,0.0
pharmaceuticals,173,3,3,1.0,1.0,0.0
pharmaceuticals,174,3,3,0.0,0.0,0.0
pharmaceuticals,175,2,2,1.0,1.0,0.0
pharmaceuticals,176,1,1,1.0,1.0,0.0
pharmaceuticals,177,1,1,1.0,1.0,0.0
pharmaceuticals,178,3,3,1.0,1.0,0.0
pharmaceuticals,179,2,2,1.0,0.0,1.0
pharmaceuticals,180,1,1,1.0,1.0,0.0
pharmaceuticals,181,3,3,1.0,1.0,0.0
pharmaceuticals,182,2,2,1.0,1.0,0.0
pharmaceuticals,183,1,1,1.0,1.0,0.0
pharmaceuticals,184,1,1,1.0,1.0,0.0
pharmaceuticals,185,4,4,1.0,0.0,1.0
pharmaceuticals,186,3,3,1.0,1.0,0.0
pharmaceuticals,187,0,0,1.0,1.0,0.0
pharmaceuticals,188,2,1,1.0,1.0,0.0
pharmaceuticals,189,2,2,1.0,1.0,0.0
pharmaceuticals,190,3,3,1.0,1.0,0.0
pharmaceuticals,191,4,4,1.0,1.0,0.0
pharmaceuticals,192,4,4,1.0,1.0,0.0
pharmaceuticals,193,2,1,1.0,1.0,0.0
pharmaceuticals,194,3,3,1.0,1.0,0.0
pharmaceuticals,195,2,3,1.0,1.0,0.0
pharmaceuticals,196,5,5,1.0,1.0,0.0
pharmaceuticals,197,4,4,1.0,1.0,0.0
pharmaceuticals,198,2,2,1.0,1.0,0.0
pharmaceuticals,199,3,3,1.0,0.0,1.0
pharmaceuticals,200,3,2,1.0,1.0,0.0
pharmaceuticals,201,4,4,1.0,1.0,0.0
pharmaceuticals,202,4,4,1.0,1.0,0.0
pharmaceuticals,203,2,4,1.0,1.0,0.0
pharmaceuticals,204,1,2,1.0,1.0,0.0
pharmaceuticals,205,2,2,1.0,1.0,0.0
pharmaceuticals,206,4,4,0.0,1.0,-1.0
pharmaceuticals,207,3,0,0.0,0.0,0.0
pharmaceuticals,208,2,0,1.0,1.0,0.0
pharmaceuticals,209,2,2,0.0,1.0,-1.0
pharmaceuticals,210,2,2,1.0,1.0,0.0
pharmaceuticals,211,2,2,1.0,1.0,0.0
pharmaceuticals,212,0,0,0.0,0.0,0.0
pharmaceuticals,213,2,1,1.0,1.0,0.0
pharmaceuticals,214,3,3,1.0,1.0,0.0
pharmaceuticals,215,4,3,1.0,1.0,0.0
pharmaceuticals,216,4,3,1.0,1.0,0.0
pharmaceuticals,217,2,2,1.0,1.0,0.0
pharmaceuticals,218,4,4,1.0,1.0,0.0
pharmaceuticals,219,4,4,1.0,1.0,0.0
pharmaceuticals,220,2,1,1.0,1.0,0.0
pharmaceuticals,221,3,3,0.0,0.0,0.0
pharmaceuticals,222,1,1,1.0,1.0,0.0
pharmaceuticals,223,3,3,0.0,0.0,0.0
pharmaceuticals,224,5,4,1.0,0.0,1.0
pharmaceuticals,225,3,2,1.0,1.0,0.0
pharmaceuticals,226,4,4,1.0,1.0,0.0
pharmaceuticals,227,1,1,1.0,1.0,0.0
pharmaceuticals,228,5,5,1.0,1.0,0.0
pharmaceuticals,229,4,4,1.0,1.0,0.0
pharmaceuticals,230,5,4,0.0,0.0,0.0
pharmaceuticals,231,4,2,1.0,1.0,0.0
pharmaceuticals,232,1,1,1.0,1.0,0.0
pharmaceuticals,233,4,4,1.0,1.0,0.0
pharmaceuticals,234,2,1,1.0,1.0,0.0
pharmaceuticals,235,3,2,1.0,1.0,0.0
pharmaceuticals,236,3,4,0.0,0.0,0.0
pharmaceuticals,237,3,2,1.0,1.0,0.0
pharmaceuticals,238,0,0,1.0,0.0,1.0
pharmaceuticals,239,2,2,1.0,1.0,0.0
pharmaceuticals,240,2,2,1.0,1.0,0.0
pharmaceuticals,241,1,2,1.0,1.0,0.0
pharmaceuticals,242,4,3,1.0,1.0,0.0
pharmaceuticals,243,2,3,1.0,1.0,0.0
pharmaceuticals,244,2,1,1.0,1.0,0.0
pharmaceuticals,245,3,2,1.0,1.0,0.0
pharmaceuticals,246,2,2,0.0,1.0,-1.0
pharmaceuticals,247,5,5,1.0,1.0,0.0
pharmaceuticals,248,4,3,1.0,1.0,0.0
pharmaceuticals,249,5,4,1.0,1.0,0.0
pharmaceuticals,250,3,0,1.0,0.0,1.0
pharmaceuticals,251,3,3,1.0,1.0,0.0
pharmaceuticals,252,2,2,0.0,1.0,-1.0
pharmaceuticals,253,4,5,1.0,1.0,0.0
pharmaceuticals,254,2,2,1.0,1.0,0.0
pharmaceuticals,255,5,2,1.0,1.0,0.0
pharmaceuticals,256,4,3,1.0,1.0,0.0
pharmaceuticals,257,0,1,1.0,1.0,0.0
pharmaceuticals,258,2,2,1.0,1.0,0.0
pharmaceuticals,259,3,3,0.0,1.0,-1.0
pharmaceuticals,260,4,5,1.0,1.0,0.0
pharmaceuticals,261,3,2,1.0,1.0,0.0
pharmaceuticals,262,0,0,0.0,0.0,0.0
pharmaceuticals,263,3,2,0.0,0.0,0.0
pharmaceuticals,264,0,0,1.0,1.0,0.0
pharmaceuticals,265,3,4,1.0,1.0,0.0
pharmaceuticals,266,3,1,1.0,1.0,0.0
pharmaceuticals,267,2,2,1.0,1.0,0.0
pharmaceuticals,268,3,3,0.0,0.0,0.0
pharmaceuticals,269,4,4,1.0,1.0,0.0
pharmaceuticals,270,2,3,1.0,1.0,0.0
pharmaceuticals,271,1,0,0.0,1.0,-1.0
pharmaceuticals,272,4,3,1.0,1.0,0.0
pharmaceuticals,273,0,0,1.0,1.0,0.0
pharmaceuticals,274,5,3,0.0,1.0,-1.0
pharmaceuticals,275,3,4,1.0,0.0,1.0
pharmaceuticals,276,3,2,1.0,1.0,0.0
pharmaceuticals,277,4,4,1.0,1.0,0.0
pharmaceuticals,278,4,4,1.0,1.0,0.0
pharmaceuticals,279,4,4,1.0,1.0,0.0
pharmaceuticals,280,3,3,1.0,1.0,0.0
pharmaceuticals,281,2,2,1.0,1.0,0.0
pharmaceuticals,282,2,2,1.0,0.0,1.0
pharmaceuticals,283,4,4,1.0,1.0,0.0
pharmaceuticals,284,4,0,1.0,1.0,0.0
pharmaceuticals,285,3,3,1.0,1.0,0.0
pharmaceuticals,286,3,2,1.0,1.0,0.0
pharmaceuticals,287,4,4,1.0,1.0,0.0
pharmaceuticals,288,2,0,1.0,1.0,0.0
pharmaceuticals,289,3,2,1.0,1.0,0.0
pharmaceuticals,290,4,4,1.0,1.0,0.0
pharmaceuticals,291,4,3,1.0,1.0,0.0
pharmaceuticals,292,1,0,0.0,0.0,0.0
pharmaceuticals,293,2,2,1.0,1.0,0.0
pharmaceuticals,294,4,4,1.0,1.0,0.0
pharmaceuticals,295,4,2,1.0,1.0,0.0
pharmaceuticals,296,1,1,1.0,1.0,0.0
pharmaceuticals,297,4,4,1.0,1.0,0.0
pharmaceuticals,298,3,3,0.0,1.0,-1.0
pharmaceuticals,299,0,0,1.0,1.0,0.0
pharmaceuticals,300,3,3,1.0,1.0,0.0
pharmaceuticals,301,4,4,1.0,1.0,0.0
pharmaceuticals,302,3,2,1.0,1.0,0.0
pharmaceuticals,303,2,2,1.0,1.0,0.0
pharmaceuticals,304,2,2,1.0,1.0,0.0
pharmaceuticals,305,2,2,1.0,1.0,0.0
pharmaceuticals,306,3,3,1.0,1.0,0.0
pharmaceuticals,307,1,0,0.0,0.0,0.0
pharmaceuticals,308,4,2,1.0,1.0,0.0
pharmaceuticals,309,3,3,1.0,1.0,0.0
pharmaceuticals,310,2,2,1.0,1.0,0.0
pharmaceuticals,311,1,1,1.0,1.0,0.0
pharmaceuticals,312,3,2,1.0,0.0,1.0
pharmaceuticals,313,5,3,0.0,0.0,0.0
pharmaceuticals,314,1,1,1.0,1.0,0.0
pharmaceuticals,315,2,2,1.0,0.0,1.0
pharmaceuticals,316,2,2,1.0,1.0,0.0
pharmaceuticals,317,4,4,1.0,1.0,0.0
pharmaceuticals,318,2,2,1.0,1.0,0.0
pharmaceuticals,319,0,0,1.0,1.0,0.0
pharmaceuticals,320,4,3,1.0,1.0,0.0
pharmaceuticals,321,2,1,1.0,1.0,0.0
pharmaceuticals,322,3,2,1.0,1.0,0.0
pharmaceuticals,323,3,3,1.0,1.0,0.0
pharmaceuticals,324,3,3,1.0,1.0,0.0
pharmaceuticals,325,1,0,1.0,1.0,0.0
pharmaceuticals,326,3,1,1.0,1.0,0.0
pharmaceuticals,327,4,4,1.0,1.0,0.0
pharmaceuticals,328,4,3,0.0,0.0,0.0
pharmaceuticals,329,2,3,1.0,1.0,0.0
pharmaceuticals,330,4,5,1.0,1.0,0.0
pharmaceuticals,331,3,3,1.0,1.0,0.0
pharmaceuticals,332,1,2,1.0,1.0,0.0
pharmaceuticals,333,4,4,1.0,1.0,0.0
pharmaceuticals,334,2,1,1.0,1.0,0.0
pharmaceuticals,335,1,1,1.0,1.0,0.0
pharmaceuticals,336,2,3,1.0,1.0,0.0
pharmaceuticals,337,2,5,1.0,1.0,0.0
pharmaceuticals,338,3,4,0.0,0.0,0.0
pharmaceuticals,339,0,0,1.0,1.0,0.0
pharmaceuticals,340,4,5,1.0,1.0,0.0
pharmaceuticals,341,3,3,1.0,1.0,0.0
pharmaceuticals,2052,3,3,1.0,1.0,0.0
pharmaceuticals,2053,1,0,1.0,1.0,0.0
pharmaceuticals,2054,4,3,1.0,1.0,0.0
pharmaceuticals,2055,3,3,1.0,1.0,0.0
pharmaceuticals,2056,5,4,0.0,1.0,-1.0
pharmaceuticals,2057,2,2,1.0,1.0,0.0
pharmaceuticals,2058,4,1,0.0,0.0,0.0
pharmaceuticals,2059,3,3,1.0,1.0,0.0
pharmaceuticals,2060,4,2,1.0,1.0,0.0
pharmaceuticals,2061,2,2,1.0,1.0,0.0
pharmaceuticals,2062,3,3,1.0,1.0,0.0
pharmaceuticals,2063,2,2,1.0,1.0,0.0
pharmaceuticals,2064,3,3,1.0,1.0,0.0
pharmaceuticals,2065,5,4,1.0,1.0,0.0
pharmaceuticals,2066,4,4,1.0,1.0,0.0
pharmaceuticals,2067,1,3,0.0,0.0,0.0
pharmaceuticals,2068,4,3,1.0,1.0,0.0
pharmaceuticals,2069,4,4,1.0,1.0,0.0
pharmaceuticals,2070,3,2,1.0,1.0,0.0
pharmaceuticals,2071,4,4,1.0,1.0,0.0
pharmaceuticals,2072,2,2,1.0,1.0,0.0
pharmaceuticals,2073,3,3,1.0,1.0,0.0
physics,0,4,3,1.0,1.0,0.0
physics,1,0,0,1.0,1.0,0.0
physics,2,2,3,1.0,1.0,0.0
physics,3,1,1,1.0,1.0,0.0
physics,4,2,2,1.0,1.0,0.0
physics,5,3,2,1.0,1.0,0.0
physics,6,2,3,1.0,1.0,0.0
physics,7,2,1,0.0,1.0,-1.0
physics,8,3,3,1.0,1.0,0.0
physics,9,2,2,0.0,0.0,0.0
physics,10,4,4,1.0,1.0,0.0
physics,11,2,2,1.0,1.0,0.0
physics,12,5,2,0.0,0.0,0.0
physics,13,4,4,1.0,1.0,0.0
physics,14,4,4,1.0,0.0,1.0
physics,15,0,0,1.0,1.0,0.0
physics,16,5,4,1.0,1.0,0.0
physics,17,0,2,1.0,0.0,1.0
physics,18,3,3,1.0,1.0,0.0
physics,19,0,0,1.0,1.0,0.0
physics,20,2,2,1.0,1.0,0.0
physics,21,4,3,1.0,1.0,0.0
physics,22,4,4,1.0,1.0,0.0
physics,23,3,3,1.0,1.0,0.0
physics,24,3,3,0.0,0.0,0.0
physics,25,2,1,1.0,1.0,0.0
physics,26,4,3,1.0,0.0,1.0
physics,27,4,4,1.0,1.0,0.0
physics,28,3,3,1.0,1.0,0.0
physics,29,2,1,1.0,1.0,0.0
physics,30,2,2,1.0,1.0,0.0
physics,31,4,4,1.0,1.0,0.0
physics,32,4,4,1.0,1.0,0.0
physics,33,3,5,1.0,1.0,0.0
physics,34,2,2,1.0,1.0,0.0
physics,35,3,3,1.0,0.0,1.0
physics,36,3,3,1.0,1.0,0.0
physics,37,3,3,1.0,0.0,1.0
physics,38,4,4,1.0,1.0,0.0
physics,39,3,3,1.0,1.0,0.0
physics,40,2,1,1.0,1.0,0.0
physics,41,2,3,1.0,1.0,0.0
physics,42,3,2,1.0,1.0,0.0
physics,43,3,3,1.0,1.0,0.0
physics,44,3,3,1.0,1.0,0.0
physics,45,3,2,0.0,0.0,0.0
physics,46,2,3,0.0,0.0,0.0
physics,47,2,2,0.0,0.0,0.0
physics,48,1,1,1.0,1.0,0.0
physics,49,0,1,1.0,1.0,0.0
physics,50,2,2,0.0,0.0,0.0
physics,51,2,2,1.0,1.0,0.0
physics,52,3,2,0.0,1.0,-1.0
physics,53,3,3,1.0,1.0,0.0
physics,54,4,3,1.0,1.0,0.0
physics,55,2,2,0.0,0.0,0.0
physics,56,0,0,1.0,1.0,0.0
physics,57,3,4,0.0,0.0,0.0
physics,58,2,2,0.0,0.0,0.0
physics,59,2,1,1.0,1.0,0.0
physics,60,1,1,1.0,1.0,0.0
physics,61,1,1,1.0,1.0,0.0
physics,62,1,1,1.0,1.0,0.0
physics,63,2,2,1.0,1.0,0.0
physics,64,1,1,1.0,1.0,0.0
physics,65,4,3,0.0,1.0,-1.0
physics,66,1,1,1.0,1.0,0.0
physics,67,2,2,1.0,1.0,0.0
physics,68,5,5,1.0,1.0,0.0
physics,69,4,3,1.0,1.0,0.0
physics,70,3,2,1.0,1.0,0.0
physics,71,2,2,1.0,1.0,0.0
physics,72,1,0,1.0,1.0,0.0
physics,73,2,1,1.0,1.0,0.0
physics,74,4,3,1.0,1.0,0.0
physics,75,4,4,1.0,1.0,0.0
physics,76,3,3,1.0,1.0,0.0
physics,77,2,1,1.0,1.0,0.0
physics,78,1,1,1.0,1.0,0.0
physics,79,2,2,1.0,1.0,0.0
physics,80,4,3,1.0,1.0,0.0
physics,81,1,1,1.0,1.0,0.0
physics,82,2,2,1.0,1.0,0.0
physics,83,2,2,1.0,1.0,0.0
physics,84,2,2,1.0,1.0,0.0
physics,85,1,2,1.0,1.0,0.0
physics,86,5,5,1.0,1.0,0.0
physics,87,4,3,0.0,0.0,0.0
physics,88,1,0,1.0,1.0,0.0
physics,89,4,4,1.0,1.0,0.0
physics,90,2,3,1.0,1.0,0.0
physics,91,0,0,1.0,1.0,0.0
physics,92,1,1,1.0,1.0,0.0
physics,93,2,0,1.0,1.0,0.0
physics,94,3,2,1.0,1.0,0.0
physics,95,3,3,1.0,1.0,0.0
physics,96,0,0,1.0,1.0,0.0
physics,97,4,4,1.0,1.0,0.0
physics,98,3,1,1.0,1.0,0.0
physics,99,1,1,1.0,0.0,1.0
physics,100,0,1,1.0,1.0,0.0
physics,101,1,2,0.0,1.0,-1.0
physics,102,2,1,1.0,1.0,0.0
physics,103,1,0,1.0,1.0,0.0
physics,104,3,4,1.0,1.0,0.0
physics,105,1,1,1.0,1.0,0.0
physics,106,1,2,1.0,1.0,0.0
physics,107,0,0,1.0,1.0,0.0
physics,108,3,3,1.0,1.0,0.0
physics,109,1,1,1.0,1.0,0.0
physics,110,2,1,1.0,1.0,0.0
physics,111,3,3,1.0,1.0,0.0
physics,112,4,4,1.0,0.0,1.0
physics,113,3,2,1.0,1.0,0.0
physics,114,4,4,1.0,1.0,0.0
physics,115,5,3,1.0,1.0,0.0
physics,116,0,1,1.0,1.0,0.0
physics,117,3,0,1.0,1.0,0.0
physics,118,3,2,1.0,1.0,0.0
physics,119,2,2,1.0,1.0,0.0
physics,120,1,1,1.0,1.0,0.0
physics,121,5,5,1.0,1.0,0.0
physics,122,4,4,1.0,1.0,0.0
physics,123,3,3,1.0,0.0,1.0
physics,124,3,2,1.0,1.0,0.0
physics,125,4,4,1.0,1.0,0.0
physics,126,3,3,0.0,0.0,0.0
physics,127,2,0,0.0,0.0,0.0
physics,128,2,1,1.0,1.0,0.0
physics,129,3,2,1.0,1.0,0.0
physics,130,1,0,1.0,0.0,1.0
physics,131,1,1,0.0,0.0,0.0
physics,132,4,3,1.0,1.0,0.0
physics,133,1,0,1.0,0.0,1.0
physics,134,3,3,1.0,1.0,0.0
physics,135,4,4,1.0,1.0,0.0
physics,136,0,0,1.0,1.0,0.0
physics,137,1,1,1.0,1.0,0.0
physics,138,2,2,1.0,0.0,1.0
physics,139,1,0,1.0,1.0,0.0
physics,140,4,3,0.0,1.0,-1.0
physics,141,3,3,0.0,0.0,0.0
physics,142,5,5,0.0,1.0,-1.0
physics,143,2,2,0.0,0.0,0.0
physics,144,3,3,1.0,1.0,0.0
physics,145,4,2,1.0,1.0,0.0
physics,146,1,1,1.0,1.0,0.0
physics,147,3,0,1.0,1.0,0.0
physics,148,0,1,1.0,1.0,0.0
physics,149,1,2,1.0,1.0,0.0
physics,150,2,2,1.0,1.0,0.0
physics,151,2,3,1.0,1.0,0.0
physics,152,0,0,0.0,0.0,0.0
physics,153,0,0,1.0,1.0,0.0
physics,154,2,2,1.0,1.0,0.0
physics,155,2,2,1.0,1.0,0.0
physics,156,2,3,1.0,1.0,0.0
physics,157,3,4,1.0,1.0,0.0
physics,158,2,2,1.0,1.0,0.0
physics,159,2,2,1.0,1.0,0.0
physics,160,4,3,1.0,1.0,0.0
physics,161,2,2,0.0,1.0,-1.0
physics,162,2,2,1.0,1.0,0.0
physics,163,0,0,1.0,1.0,0.0
physics,164,4,0,1.0,1.0,0.0
physics,165,2,2,1.0,1.0,0.0
physics,166,4,2,1.0,1.0,0.0
physics,167,1,1,1.0,1.0,0.0
physics,168,0,0,1.0,1.0,0.0
physics,169,1,0,1.0,1.0,0.0
physics,170,2,3,1.0,1.0,0.0
physics,171,2,2,0.0,0.0,0.0
physics,172,1,1,1.0,1.0,0.0
physics,173,3,4,1.0,1.0,0.0
physics,174,2,3,1.0,1.0,0.0
physics,175,3,2,1.0,1.0,0.0
physics,176,2,1,1.0,1.0,0.0
physics,177,4,4,1.0,1.0,0.0
physics,178,2,3,1.0,1.0,0.0
physics,179,5,4,1.0,1.0,0.0
physics,180,2,2,1.0,1.0,0.0
physics,181,3,3,1.0,1.0,0.0
physics,182,4,4,1.0,1.0,0.0
physics,183,1,1,1.0,1.0,0.0
physics,184,5,5,1.0,1.0,0.0
physics,185,2,3,1.0,1.0,0.0
physics,186,2,2,1.0,1.0,0.0
physics,187,4,3,1.0,1.0,0.0
physics,188,1,2,1.0,1.0,0.0
physics,189,2,1,1.0,1.0,0.0
physics,190,4,4,1.0,1.0,0.0
physics,191,1,1,1.0,1.0,0.0
physics,192,4,4,1.0,1.0,0.0
physics,193,2,2,1.0,1.0,0.0
physics,194,0,0,1.0,1.0,0.0
physics,195,4,4,1.0,1.0,0.0
physics,196,2,2,1.0,1.0,0.0
physics,197,2,2,1.0,1.0,0.0
physics,198,2,1,1.0,1.0,0.0
physics,199,3,4,1.0,1.0,0.0
physics,200,3,2,1.0,1.0,0.0
physics,201,1,2,1.0,1.0,0.0
physics,202,4,4,1.0,1.0,0.0
physics,203,5,5,1.0,1.0,0.0
physics,204,4,3,1.0,1.0,0.0
physics,205,3,3,1.0,1.0,0.0
physics,206,3,2,1.0,1.0,0.0
physics,207,3,3,1.0,1.0,0.0
physics,208,2,3,1.0,1.0,0.0
physics,209,4,3,0.0,1.0,-1.0
physics,210,4,3,1.0,1.0,0.0
physics,211,3,3,1.0,1.0,0.0
physics,212,1,1,1.0,1.0,0.0
physics,213,2,2,1.0,1.0,0.0
physics,214,4,4,1.0,1.0,0.0
physics,215,2,2,1.0,1.0,0.0
physics,216,3,4,1.0,1.0,0.0
physics,217,2,2,1.0,1.0,0.0
physics,218,4,4,1.0,1.0,0.0
physics,219,1,1,1.0,1.0,0.0
physics,220,2,2,1.0,1.0,0.0
physics,221,4,4,1.0,1.0,0.0
physics,222,5,4,1.0,1.0,0.0
physics,223,3,2,1.0,1.0,0.0
physics,224,1,0,1.0,1.0,0.0
physics,225,3,3,1.0,1.0,0.0
physics,226,2,2,1.0,1.0,0.0
physics,227,2,2,0.0,0.0,0.0
physics,228,2,1,1.0,1.0,0.0
physics,229,4,4,1.0,1.0,0.0
physics,230,1,0,1.0,1.0,0.0
physics,231,2,2,1.0,1.0,0.0
physics,232,1,1,1.0,1.0,0.0
physics,233,2,1,1.0,1.0,0.0
physics,234,3,3,1.0,1.0,0.0
physics,235,3,3,1.0,1.0,0.0
physics,236,3,2,0.0,0.0,0.0
physics,237,1,1,1.0,0.0,1.0
physics,238,2,1,0.0,0.0,0.0
physics,239,3,4,1.0,1.0,0.0
physics,240,4,5,1.0,1.0,0.0
physics,241,2,1,1.0,1.0,0.0
physics,242,2,2,1.0,1.0,0.0
physics,243,3,4,1.0,1.0,0.0
physics,244,4,4,1.0,1.0,0.0
physics,245,4,2,1.0,1.0,0.0
physics,246,4,3,1.0,1.0,0.0
physics,247,4,5,1.0,1.0,0.0
physics,248,4,4,1.0,1.0,0.0
physics,249,2,3,1.0,1.0,0.0
physics,250,3,3,1.0,1.0,0.0
physics,251,3,3,1.0,1.0,0.0
physics,252,3,4,1.0,1.0,0.0
physics,253,3,3,1.0,1.0,0.0
physics,254,4,4,1.0,1.0,0.0
physics,255,4,4,1.0,0.0,1.0
physics,256,4,2,1.0,1.0,0.0
physics,257,3,4,1.0,1.0,0.0
physics,258,1,0,1.0,1.0,0.0
physics,259,2,2,1.0,1.0,0.0
physics,260,3,3,1.0,0.0,1.0
physics,261,3,2,1.0,1.0,0.0
physics,262,4,4,1.0,1.0,0.0
physics,263,3,3,1.0,1.0,0.0
physics,264,3,1,1.0,1.0,0.0
physics,265,2,3,1.0,1.0,0.0
physics,266,2,1,1.0,0.0,1.0
physics,267,3,2,1.0,1.0,0.0
physics,268,4,4,0.0,0.0,0.0
physics,269,4,4,1.0,1.0,0.0
physics,270,3,2,1.0,1.0,0.0
physics,271,2,2,1.0,1.0,0.0
physics,272,3,4,1.0,1.0,0.0
physics,273,3,2,1.0,1.0,0.0
physics,274,4,4,1.0,1.0,0.0
physics,275,3,4,1.0,1.0,0.0
physics,276,4,4,1.0,1.0,0.0
physics,277,5,5,1.0,1.0,0.0
physics,278,3,3,1.0,1.0,0.0
physics,279,1,1,1.0,1.0,0.0
physics,280,3,1,1.0,1.0,0.0
physics,281,4,4,1.0,1.0,0.0
physics,282,0,0,1.0,1.0,0.0
physics,283,3,3,1.0,1.0,0.0
physics,284,2,2,1.0,1.0,0.0
physics,285,4,4,1.0,1.0,0.0
physics,286,4,4,1.0,0.0,1.0
physics,287,2,3,1.0,1.0,0.0
physics,288,4,2,1.0,1.0,0.0
physics,289,3,2,1.0,0.0,1.0
physics,290,4,5,0.0,0.0,0.0
physics,291,3,2,1.0,1.0,0.0
physics,292,1,1,1.0,1.0,0.0
physics,293,3,3,1.0,1.0,0.0
physics,294,5,4,1.0,1.0,0.0
physics,295,4,4,1.0,1.0,0.0
physics,296,2,2,1.0,1.0,0.0
physics,297,5,4,1.0,1.0,0.0
physics,298,3,3,1.0,1.0,0.0
physics,299,2,1,1.0,1.0,0.0
physics,300,3,3,1.0,1.0,0.0
physics,301,4,4,1.0,1.0,0.0
finance_fr,0,5,5,0.0,0.0,0.0
finance_fr,1,3,3,1.0,1.0,0.0
finance_fr,2,3,3,1.0,1.0,0.0
finance_fr,3,3,3,1.0,1.0,0.0
finance_fr,4,3,3,1.0,1.0,0.0
finance_fr,5,2,2,1.0,1.0,0.0
finance_fr,6,2,2,1.0,1.0,0.0
finance_fr,7,3,2,1.0,1.0,0.0
finance_fr,8,3,2,1.0,1.0,0.0
finance_fr,9,3,4,1.0,1.0,0.0
finance_fr,10,1,1,0.0,1.0,-1.0
finance_fr,11,2,3,1.0,1.0,0.0
finance_fr,12,2,0,1.0,1.0,0.0
finance_fr,13,2,2,1.0,1.0,0.0
finance_fr,14,0,0,0.0,1.0,-1.0
finance_fr,15,2,1,1.0,1.0,0.0
finance_fr,16,2,3,1.0,1.0,0.0
finance_fr,17,1,1,1.0,0.0,1.0
finance_fr,18,2,2,1.0,1.0,0.0
finance_fr,19,5,4,1.0,1.0,0.0
finance_fr,20,3,3,0.0,0.0,0.0
finance_fr,21,2,2,1.0,1.0,0.0
finance_fr,22,4,3,1.0,1.0,0.0
finance_fr,23,4,4,1.0,1.0,0.0
finance_fr,24,1,1,1.0,1.0,0.0
finance_fr,25,1,1,1.0,1.0,0.0
finance_fr,26,3,3,1.0,1.0,0.0
finance_fr,27,2,2,0.0,0.0,0.0
finance_fr,28,4,4,0.0,0.0,0.0
finance_fr,29,3,3,1.0,1.0,0.0
finance_fr,30,1,0,1.0,1.0,0.0
finance_fr,31,3,2,1.0,1.0,0.0
finance_fr,32,1,1,1.0,1.0,0.0
finance_fr,33,5,4,0.0,0.0,0.0
finance_fr,34,4,3,0.0,1.0,-1.0
finance_fr,35,4,4,1.0,1.0,0.0
finance_fr,36,3,2,0.0,0.0,0.0
finance_fr,37,2,2,0.0,0.0,0.0
finance_fr,38,1,1,1.0,1.0,0.0
finance_fr,39,5,5,1.0,1.0,0.0
finance_fr,40,3,2,0.0,0.0,0.0
finance_fr,41,1,0,1.0,1.0,0.0
finance_fr,42,1,1,1.0,1.0,0.0
finance_fr,43,3,3,1.0,1.0,0.0
finance_fr,44,4,4,1.0,0.0,1.0
finance_fr,45,3,3,1.0,1.0,0.0
finance_fr,46,2,1,1.0,1.0,0.0
finance_fr,47,4,3,1.0,1.0,0.0
finance_fr,48,0,0,1.0,1.0,0.0
finance_fr,49,3,3,1.0,1.0,0.0
finance_fr,50,0,0,0.0,1.0,-1.0
finance_fr,51,2,3,0.0,0.0,0.0
finance_fr,52,2,2,1.0,1.0,0.0
finance_fr,53,1,1,1.0,1.0,0.0
finance_fr,54,3,2,1.0,1.0,0.0
finance_fr,55,2,2,1.0,1.0,0.0
finance_fr,56,1,0,1.0,1.0,0.0
finance_fr,57,3,2,0.0,1.0,-1.0
finance_fr,58,2,3,0.0,0.0,0.0
finance_fr,59,3,2,1.0,1.0,0.0
finance_fr,60,3,1,0.0,1.0,-1.0
finance_fr,61,3,2,1.0,1.0,0.0
finance_fr,62,2,2,0.0,0.0,0.0
finance_fr,63,4,5,0.0,0.0,0.0
finance_fr,64,3,2,1.0,1.0,0.0
finance_fr,65,3,2,1.0,1.0,0.0
finance_fr,66,1,1,1.0,1.0,0.0
finance_fr,67,4,3,1.0,1.0,0.0
finance_fr,68,2,2,1.0,1.0,0.0
finance_fr,69,2,2,0.0,1.0,-1.0
finance_fr,70,1,0,1.0,1.0,0.0
finance_fr,71,3,1,1.0,1.0,0.0
finance_fr,72,3,3,1.0,1.0,0.0
finance_fr,73,1,1,1.0,0.0,1.0
finance_fr,74,3,4,1.0,1.0,0.0
finance_fr,75,4,4,0.0,0.0,0.0
finance_fr,76,3,4,1.0,1.0,0.0
finance_fr,77,4,4,0.0,0.0,0.0
finance_fr,78,1,2,1.0,1.0,0.0
finance_fr,79,1,1,1.0,1.0,0.0
finance_fr,80,3,3,1.0,1.0,0.0
finance_fr,81,0,1,1.0,1.0,0.0
finance_fr,82,2,2,1.0,1.0,0.0
finance_fr,83,1,0,0.0,0.0,0.0
finance_fr,84,3,1,1.0,1.0,0.0
finance_fr,85,2,2,1.0,1.0,0.0
finance_fr,86,3,3,1.0,1.0,0.0
finance_fr,87,2,3,1.0,1.0,0.0
finance_fr,88,3,3,0.0,1.0,-1.0
finance_fr,89,3,3,1.0,1.0,0.0
finance_fr,90,4,4,1.0,1.0,0.0
finance_fr,91,2,2,0.0,0.0,0.0
finance_fr,92,4,4,1.0,1.0,0.0
finance_fr,93,1,1,1.0,1.0,0.0
finance_fr,94,1,1,1.0,1.0,0.0
finance_fr,95,2,2,1.0,1.0,0.0
finance_fr,96,3,2,1.0,1.0,0.0
finance_fr,97,3,3,1.0,1.0,0.0
finance_fr,98,1,0,1.0,1.0,0.0
finance_fr,99,3,3,1.0,1.0,0.0
finance_fr,100,1,1,0.0,0.0,0.0
finance_fr,101,4,3,1.0,1.0,0.0
finance_fr,102,3,3,1.0,1.0,0.0
finance_fr,103,2,3,1.0,1.0,0.0
finance_fr,104,2,2,1.0,1.0,0.0
finance_fr,105,1,1,1.0,1.0,0.0
finance_fr,106,2,2,0.0,0.0,0.0
finance_fr,107,3,2,1.0,1.0,0.0
finance_fr,108,2,1,1.0,1.0,0.0
finance_fr,109,0,0,1.0,1.0,0.0
finance_fr,110,3,4,0.0,0.0,0.0
finance_fr,111,4,3,0.0,0.0,0.0
finance_fr,112,0,0,1.0,1.0,0.0
finance_fr,113,3,3,1.0,1.0,0.0
finance_fr,114,4,4,1.0,0.0,1.0
finance_fr,115,2,2,1.0,1.0,0.0
finance_fr,116,1,1,1.0,1.0,0.0
finance_fr,117,2,1,1.0,1.0,0.0
finance_fr,118,2,2,0.0,0.0,0.0
finance_fr,119,4,3,1.0,1.0,0.0
finance_fr,120,3,3,0.0,0.0,0.0
finance_fr,121,4,4,0.0,1.0,-1.0
finance_fr,122,2,2,0.0,0.0,0.0
finance_fr,123,1,0,0.0,1.0,-1.0
finance_fr,124,2,2,0.0,0.0,0.0
finance_fr,125,3,4,1.0,1.0,0.0
finance_fr,126,2,2,1.0,1.0,0.0
finance_fr,127,2,2,1.0,1.0,0.0
finance_fr,128,2,2,0.0,0.0,0.0
finance_fr,129,3,2,1.0,1.0,0.0
finance_fr,130,2,2,1.0,1.0,0.0
finance_fr,131,3,4,1.0,1.0,0.0
finance_fr,132,1,0,1.0,1.0,0.0
finance_fr,133,2,2,1.0,1.0,0.0
finance_fr,134,1,1,0.0,1.0,-1.0
finance_fr,135,4,3,1.0,1.0,0.0
finance_fr,136,1,0,1.0,1.0,0.0
finance_fr,137,3,1,1.0,1.0,0.0
finance_fr,138,3,2,1.0,1.0,0.0
finance_fr,139,3,3,1.0,1.0,0.0
finance_fr,140,4,4,1.0,1.0,0.0
finance_fr,141,3,3,1.0,1.0,0.0
finance_fr,142,1,1,1.0,0.0,1.0
finance_fr,143,3,3,1.0,0.0,1.0
finance_fr,144,2,1,1.0,1.0,0.0
finance_fr,145,2,2,1.0,1.0,0.0
finance_fr,146,3,2,1.0,1.0,0.0
finance_fr,147,4,3,0.0,0.0,0.0
finance_fr,148,2,2,1.0,1.0,0.0
finance_fr,149,3,3,1.0,1.0,0.0
finance_fr,150,3,3,1.0,1.0,0.0
finance_fr,151,2,2,1.0,1.0,0.0
finance_fr,152,2,2,1.0,1.0,0.0
finance_fr,153,2,2,1.0,1.0,0.0
finance_fr,154,2,2,1.0,1.0,0.0
finance_fr,155,3,4,1.0,1.0,0.0
finance_fr,156,4,4,1.0,1.0,0.0
finance_fr,157,2,3,1.0,1.0,0.0
finance_fr,158,3,3,1.0,1.0,0.0
finance_fr,159,2,2,1.0,1.0,0.0
finance_fr,160,4,4,1.0,1.0,0.0
finance_fr,161,4,2,1.0,1.0,0.0
finance_fr,162,3,3,1.0,1.0,0.0
finance_fr,163,2,2,1.0,1.0,0.0
finance_fr,164,4,3,1.0,1.0,0.0
finance_fr,165,3,3,1.0,1.0,0.0
finance_fr,166,2,1,1.0,1.0,0.0
finance_fr,167,4,4,1.0,1.0,0.0
finance_fr,168,0,0,1.0,0.0,1.0
finance_fr,169,2,3,1.0,1.0,0.0
finance_fr,170,2,2,1.0,1.0,0.0
finance_fr,171,2,3,0.0,0.0,0.0
finance_fr,172,3,2,1.0,1.0,0.0
finance_fr,173,1,1,1.0,1.0,0.0
finance_fr,174,4,2,1.0,1.0,0.0
finance_fr,175,1,0,0.0,0.0,0.0
finance_fr,176,3,3,1.0,1.0,0.0
finance_fr,177,4,3,1.0,1.0,0.0
finance_fr,178,3,4,1.0,1.0,0.0
finance_fr,179,4,4,1.0,1.0,0.0
finance_fr,180,2,2,1.0,1.0,0.0
finance_fr,181,4,4,1.0,1.0,0.0
finance_fr,182,3,3,1.0,1.0,0.0
finance_fr,183,3,3,1.0,1.0,0.0
finance_fr,184,2,1,0.0,0.0,0.0
finance_fr,185,2,2,1.0,1.0,0.0
finance_fr,186,3,3,1.0,1.0,0.0
finance_fr,187,1,2,1.0,1.0,0.0
finance_fr,188,3,3,1.0,1.0,0.0
finance_fr,189,2,2,1.0,1.0,0.0
finance_fr,190,3,2,1.0,1.0,0.0
finance_fr,191,1,2,1.0,1.0,0.0
finance_fr,192,1,2,1.0,1.0,0.0
finance_fr,193,1,2,1.0,1.0,0.0
finance_fr,194,3,3,1.0,1.0,0.0
finance_fr,195,2,2,1.0,1.0,0.0
finance_fr,196,1,2,0.0,0.0,0.0
finance_fr,197,3,3,1.0,1.0,0.0
finance_fr,198,1,1,0.0,0.0,0.0
finance_fr,199,4,4,0.0,0.0,0.0
finance_fr,200,4,3,1.0,1.0,0.0
finance_fr,201,1,1,0.0,0.0,0.0
finance_fr,202,3,4,1.0,1.0,0.0
finance_fr,203,3,1,1.0,1.0,0.0
finance_fr,204,2,2,1.0,0.0,1.0
finance_fr,205,2,2,1.0,0.0,1.0
finance_fr,206,3,2,1.0,1.0,0.0
finance_fr,207,1,2,0.0,1.0,-1.0
finance_fr,208,2,0,0.0,1.0,-1.0
finance_fr,209,3,1,1.0,1.0,0.0
finance_fr,210,1,1,1.0,1.0,0.0
finance_fr,211,1,1,1.0,1.0,0.0
finance_fr,212,0,0,1.0,1.0,0.0
finance_fr,213,2,2,0.0,0.0,0.0
finance_fr,214,2,2,0.0,0.0,0.0
finance_fr,215,3,4,1.0,1.0,0.0
finance_fr,216,4,3,1.0,1.0,0.0
finance_fr,217,0,1,1.0,1.0,0.0
finance_fr,218,2,0,0.0,0.0,0.0
finance_fr,219,3,3,1.0,1.0,0.0
finance_fr,220,4,4,1.0,1.0,0.0
finance_fr,221,3,3,1.0,1.0,0.0
finance_fr,222,2,2,1.0,1.0,0.0
finance_fr,223,3,3,1.0,1.0,0.0
finance_fr,224,3,4,0.0,1.0,-1.0
finance_fr,225,2,3,1.0,0.0,1.0
finance_fr,226,2,3,1.0,1.0,0.0
finance_fr,227,4,4,0.0,0.0,0.0
finance_fr,228,3,3,1.0,1.0,0.0
finance_fr,229,3,3,1.0,1.0,0.0
finance_fr,230,1,0,1.0,1.0,0.0
finance_fr,231,3,3,1.0,1.0,0.0
finance_fr,232,3,2,1.0,1.0,0.0
finance_fr,233,3,3,1.0,1.0,0.0
finance_fr,234,4,4,1.0,1.0,0.0
finance_fr,235,2,2,0.0,0.0,0.0
finance_fr,236,4,5,1.0,1.0,0.0
finance_fr,237,3,3,1.0,1.0,0.0
finance_fr,238,1,2,1.0,1.0,0.0
finance_fr,239,4,4,1.0,1.0,0.0
finance_fr,240,3,3,1.0,1.0,0.0
finance_fr,241,3,2,1.0,1.0,0.0
finance_fr,242,1,1,1.0,1.0,0.0
finance_fr,243,3,3,1.0,1.0,0.0
finance_fr,244,2,1,1.0,1.0,0.0
finance_fr,245,3,2,1.0,1.0,0.0
finance_fr,246,4,4,1.0,1.0,0.0
finance_fr,247,4,4,1.0,1.0,0.0
finance_fr,248,3,3,1.0,1.0,0.0
finance_fr,249,2,2,1.0,1.0,0.0
finance_fr,250,4,5,1.0,1.0,0.0
finance_fr,251,3,3,0.0,0.0,0.0
finance_fr,252,4,4,0.0,0.0,0.0
finance_fr,253,3,4,1.0,1.0,0.0
finance_fr,254,4,4,1.0,1.0,0.0
finance_fr,255,2,2,0.0,0.0,0.0
finance_fr,256,2,2,1.0,1.0,0.0
finance_fr,257,1,0,1.0,1.0,0.0
finance_fr,258,0,0,1.0,1.0,0.0
finance_fr,259,2,3,1.0,1.0,0.0
finance_fr,260,1,2,0.0,0.0,0.0
finance_fr,261,2,2,1.0,1.0,0.0
finance_fr,262,3,2,1.0,1.0,0.0
finance_fr,263,3,3,1.0,1.0,0.0
finance_fr,264,2,2,0.0,0.0,0.0
finance_fr,265,4,4,1.0,1.0,0.0
finance_fr,266,1,0,1.0,1.0,0.0
finance_fr,267,3,3,1.0,0.0,1.0
finance_fr,268,2,2,1.0,1.0,0.0
finance_fr,269,4,3,1.0,1.0,0.0
finance_fr,270,4,3,0.0,1.0,-1.0
finance_fr,271,5,5,0.0,0.0,0.0
finance_fr,272,3,4,0.0,0.0,0.0
finance_fr,273,2,2,1.0,1.0,0.0
finance_fr,274,2,2,1.0,1.0,0.0
finance_fr,275,2,2,1.0,0.0,1.0
finance_fr,276,3,3,1.0,1.0,0.0
finance_fr,277,2,4,1.0,1.0,0.0
finance_fr,278,3,2,1.0,1.0,0.0
finance_fr,279,1,1,1.0,1.0,0.0
finance_fr,280,1,2,0.0,0.0,0.0
finance_fr,281,3,3,1.0,1.0,0.0
finance_fr,282,3,1,0.0,0.0,0.0
finance_fr,283,5,4,1.0,1.0,0.0
finance_fr,284,3,3,1.0,1.0,0.0
finance_fr,285,4,2,1.0,1.0,0.0
finance_fr,286,1,1,0.0,0.0,0.0
finance_fr,287,2,3,1.0,1.0,0.0
finance_fr,288,4,2,1.0,1.0,0.0
finance_fr,289,2,2,0.0,0.0,0.0
finance_fr,290,3,3,1.0,1.0,0.0
finance_fr,291,3,2,1.0,1.0,0.0
finance_fr,292,1,0,1.0,1.0,0.0
finance_fr,293,4,4,1.0,1.0,0.0
finance_fr,294,3,3,1.0,1.0,0.0
finance_fr,295,3,2,1.0,0.0,1.0
finance_fr,296,1,1,1.0,1.0,0.0
finance_fr,297,2,2,1.0,1.0,0.0
finance_fr,298,2,2,1.0,1.0,0.0
finance_fr,299,2,2,0.0,0.0,0.0
finance_fr,300,3,3,1.0,1.0,0.0
finance_fr,301,3,3,1.0,1.0,0.0
finance_fr,302,3,3,0.0,0.0,0.0
finance_fr,303,4,4,0.0,0.0,0.0
finance_fr,304,2,2,0.0,0.0,0.0
finance_fr,305,2,3,0.0,0.0,0.0
finance_fr,306,1,1,0.0,0.0,0.0
finance_fr,307,3,3,1.0,1.0,0.0
finance_fr,308,3,3,1.0,1.0,0.0
finance_fr,309,3,3,1.0,1.0,0.0
finance_fr,310,4,3,0.0,0.0,0.0
finance_fr,311,3,3,1.0,1.0,0.0
finance_fr,312,0,0,0.0,0.0,0.0
finance_fr,313,4,3,1.0,1.0,0.0
finance_fr,314,3,3,1.0,1.0,0.0
finance_fr,315,3,3,1.0,1.0,0.0
finance_fr,316,2,2,1.0,1.0,0.0
finance_fr,317,1,0,0.0,0.0,0.0
finance_fr,318,4,2,1.0,1.0,0.0
finance_fr,319,2,2,1.0,1.0,0.0
